{"frameRate":30,"textureGroups":[{"atlases":[{"textures":[{"symbol":"Body","offset":[-67.25,-109.75],"rect":[1,1,136,129]},{"symbol":"Gut","offset":[-48.75,-35.25],"rect":[139,1,98,71]},{"symbol":"shadow","offset":[-67,-24.75],"rect":[1,132,134,50]},{"symbol":"Thigh_R","offset":[-16,-5.25],"rect":[139,74,35,60]},{"symbol":"flap_R","offset":[-20,-25.25],"rect":[176,74,40,51]},{"symbol":"Thigh_L","offset":[-12.5,-9.25],"rect":[218,74,31,56]},{"symbol":"calf_R","offset":[-9.25,-14.25],"rect":[176,127,33,45]},{"symbol":"calf_L","offset":[-12.5,-9.75],"rect":[211,132,29,43]},{"symbol":"flap_L","offset":[-12,-22.5],"rect":[137,136,24,45]},{"symbol":"foot_R","offset":[-6.75,-12.75],"rect":[239,1,11,20]},{"symbol":"foot_L","offset":[-7.25,-11.75],"rect":[239,23,11,20]}],"file":"atlas0.png"}],"scaleFactor":1}],"md5":"ae50f73ba80c4b079823542ecde2c34e","movies":[{"id":"attack","layers":[{"keyframes":[{"duration":7,"index":0,"loc":[1.8,-5.2],"ref":"shadow"},{"duration":10,"index":7,"loc":[-34.325,-5.2],"ref":"shadow"},{"duration":7,"index":17,"loc":[-34.325,-5.2],"ref":"shadow"},{"duration":8,"index":24,"loc":[1.8,-5.2],"ref":"shadow"},{"duration":1,"index":32,"loc":[1.8,-5.2],"ref":"shadow"}],"name":"Shadow"},{"keyframes":[{"skew":[-1.5183,-1.5183],"duration":3,"index":0,"loc":[-10.175,-3.775],"ref":"foot_L"},{"skew":[-1.5183,-1.5183],"duration":4,"index":3,"loc":[-10.175,-3.775],"ref":"foot_L"},{"skew":[-1.7673,-1.856],"scale":[0.9993,1.0047],"duration":5,"loc":[1.65,-14.025],"ref":"foot_L","ease":-1,"index":7},{"skew":[-1.3454,-1.3454],"scale":[0.9999,0.9999],"duration":5,"loc":[-96.125,-58.1],"ref":"foot_L","ease":1,"index":12},{"skew":[-1.2567,-1.2567],"scale":[1.0086,1],"duration":7,"index":17,"loc":[-75.85,-32.975],"ref":"foot_L"},{"skew":[-1.5183,-1.5183],"ease":1,"duration":8,"index":24,"loc":[2.225,-3.775],"ref":"foot_L"},{"skew":[-1.5183,-1.5183],"duration":1,"index":32,"loc":[-10.175,-3.775],"ref":"foot_L"}],"name":"Foot_L"},{"keyframes":[{"skew":[-0.2097,-0.2097],"duration":3,"index":0,"loc":[-18.425,-30.75],"ref":"calf_L"},{"skew":[-0.0855,-0.2043],"scale":[1.0259,0.9817],"duration":4,"index":3,"loc":[-13.45,-30.75],"ref":"calf_L"},{"skew":[-0.8252,-0.9762],"scale":[0.8912,0.994],"duration":5,"loc":[-21,-30.275],"ref":"calf_L","ease":-1,"index":7},{"skew":[0.3726,0.3726],"scale":[0.867,0.8831],"duration":5,"loc":[-91.3,-80.65],"ref":"calf_L","ease":1,"index":12},{"skew":[-0.0986,0.1138],"scale":[0.9425,0.9178],"duration":7,"index":17,"loc":[-82.175,-58.5],"ref":"calf_L"},{"skew":[-0.9857,-0.5467],"scale":[1.1048,1],"duration":8,"loc":[-27.2,-16.15],"ref":"calf_L","ease":1,"index":24},{"skew":[-0.2097,-0.2097],"duration":1,"index":32,"loc":[-18.425,-30.75],"ref":"calf_L"}],"name":"Calf_L"},{"keyframes":[{"skew":[1.138,1.138],"duration":3,"index":0,"loc":[14.55,-50.7],"ref":"Thigh_L"},{"skew":[1.1593,1.2475],"scale":[0.9574,1.0486],"duration":4,"index":3,"loc":[22.075,-50.7],"ref":"Thigh_L"},{"skew":[0.1245,0.0464],"scale":[0.862,1.019],"duration":5,"loc":[-19.5,-66.175],"ref":"Thigh_L","ease":-1,"index":7},{"skew":[1.6313,1.6313],"scale":[0.8554,0.872],"duration":5,"loc":[-59.625,-83.9],"ref":"Thigh_L","ease":1,"index":12},{"skew":[1.4623,1.4624],"scale":[0.891,0.9034],"duration":7,"index":17,"loc":[-52,-68.275],"ref":"Thigh_L"},{"skew":[1.3035,1.3035],"ease":1,"duration":8,"index":24,"loc":[6.175,-28.8],"ref":"Thigh_L"},{"skew":[1.138,1.138],"duration":1,"index":32,"loc":[14.55,-50.7],"ref":"Thigh_L"}],"name":"Thigh_L"},{"keyframes":[{"ease":1,"duration":3,"index":0,"loc":[0.55,-34.725],"ref":"Body"},{"skew":[-0.0189,0],"scale":[1.2373,0.7655],"duration":2,"index":3,"loc":[4.225,-10.475],"ref":"Body"},{"skew":[-0.1412,0.0833],"scale":[0.9131,1.3378],"duration":5,"index":5,"loc":[-13.275,-30.725],"ref":"Body"},{"skew":[-0.521,-1.0858],"scale":[0.7556,1.2625],"duration":8,"loc":[-40.05,-85.975],"ref":"Body","ease":1,"index":10},{"skew":[-0.796,-1.2394],"scale":[0.8371,1.1577],"duration":6,"index":18,"loc":[-15.5,-53.275],"ref":"Body"},{"skew":[-0.467,-0.057],"scale":[1.1693,0.9113],"duration":4,"loc":[6.8,-10.675],"ref":"Body","ease":1,"index":24},{"skew":[-0.029,0],"scale":[1.1495,0.9104],"duration":4,"loc":[-6.15,-17.95],"ref":"Body","ease":1,"index":28},{"ease":1,"duration":1,"index":32,"loc":[0.55,-34.725],"ref":"Body"}],"name":"Body"},{"keyframes":[{"skew":[0.0045,0.0045],"duration":3,"index":0,"loc":[-56.7,-85],"ref":"flap_L"},{"skew":[0.9986,1.4181],"scale":[1.0286,0.9062],"duration":2,"index":3,"loc":[-67.925,-60.85],"ref":"flap_L"},{"skew":[-0.012,-0.1675],"scale":[0.9062,1.3376],"duration":5,"loc":[-77.95,-101.925],"ref":"flap_L","ease":-1,"index":5},{"skew":[-0.1119,1.0471],"scale":[0.7527,0.8744],"duration":8,"index":10,"loc":[-104.875,-128.4],"ref":"flap_L"},{"skew":[-0.2177,1.082],"scale":[1.0902,0.5192],"duration":6,"index":18,"loc":[-95.225,-72.075],"ref":"flap_L"},{"skew":[0.6224,0.8219],"scale":[1.1103,0.8261],"duration":4,"loc":[-92.575,-53.375],"ref":"flap_L","ease":1,"index":24},{"skew":[-0.0232,0.0036],"scale":[1.1496,0.9102],"duration":4,"loc":[-73.3,-63.7],"ref":"flap_L","ease":1,"index":28},{"skew":[0.0045,0.0045],"duration":1,"index":32,"loc":[-56.7,-85],"ref":"flap_L"}],"name":"Flap_L"},{"keyframes":[{"duration":3,"index":0,"loc":[-17.95,-49.75],"ref":"Gut"},{"skew":[0.1264,0.0804],"scale":[1.2097,1.0102],"duration":2,"index":3,"loc":[-29.4,-30.175],"ref":"Gut"},{"skew":[-0.3233,-0.3075],"scale":[0.9316,1.7834],"duration":5,"loc":[-30.375,-52.55],"ref":"Gut","ease":-1,"index":5},{"skew":[-0.471,-1.1831],"scale":[1.0215,1.4213],"duration":8,"loc":[-58.775,-99.025],"ref":"Gut","ease":1,"index":10},{"skew":[-0.454,-0.7457],"scale":[0.9583,1.344],"duration":6,"index":18,"loc":[-37.875,-55.775],"ref":"Gut"},{"skew":[-0.128,0.0062],"scale":[1.1582,1.0151],"duration":4,"loc":[-42.025,-27.3],"ref":"Gut","ease":1,"index":24},{"skew":[-0.029,0],"scale":[1.1495,0.9104],"duration":4,"loc":[-27.825,-31.65],"ref":"Gut","ease":1,"index":28},{"duration":1,"index":32,"loc":[-17.95,-49.75],"ref":"Gut"}],"name":"Gut"},{"keyframes":[{"skew":[-1.5708,-1.5708],"duration":3,"index":0,"loc":[2,-70.25],"ref":"flap_R"},{"skew":[-1.349,-0.9298],"scale":[0.9327,1.0282],"duration":2,"index":3,"loc":[-10.25,-54.4],"ref":"flap_R"},{"skew":[-1.5993,-1.7509],"scale":[1.3974,0.8167],"duration":5,"loc":[-31.825,-93.275],"ref":"flap_R","ease":-1,"index":5},{"skew":[-1.0464,-1.313],"scale":[1.6057,0.7191],"duration":8,"index":10,"loc":[-87.675,-124.575],"ref":"flap_R"},{"skew":[-0.2878,-0.7255],"scale":[0.9473,0.7593],"duration":6,"index":18,"loc":[-78.2,-78.875],"ref":"flap_R"},{"skew":[-1.5256,-1.0463],"scale":[0.8625,1.1874],"duration":4,"loc":[-20.075,-46.475],"ref":"flap_R","ease":1,"index":24},{"skew":[-1.5708,-1.5998],"scale":[0.9104,1.1495],"duration":4,"loc":[-5.4,-50.275],"ref":"flap_R","ease":1,"index":28},{"skew":[-1.5708,-1.5708],"duration":1,"index":32,"loc":[2,-70.25],"ref":"flap_R"}],"name":"Flap_R"},{"keyframes":[{"skew":[-1.5708,-1.5708],"duration":3,"index":0,"loc":[9.325,-0.875],"ref":"foot_R"},{"skew":[-1.5708,-1.5708],"duration":4,"index":3,"loc":[9.325,-0.875],"ref":"foot_R"},{"skew":[-2.2199,-2.3087],"scale":[1.004,1],"duration":5,"loc":[12.125,-9.275],"ref":"foot_R","ease":-1,"index":7},{"skew":[-1.4558,-1.4558],"scale":[0.9999,0.9999],"duration":5,"loc":[-76.25,-39.825],"ref":"foot_R","ease":1,"index":12},{"skew":[-0.997,-0.997],"scale":[0.9995,0.9995],"duration":7,"index":17,"loc":[-69.5,-5.2],"ref":"foot_R"},{"skew":[-1.5708,-1.5708],"ease":1,"duration":8,"index":24,"loc":[21.725,-0.875],"ref":"foot_R"},{"skew":[-1.5708,-1.5708],"duration":1,"index":32,"loc":[9.325,-0.875],"ref":"foot_R"}],"name":"Foot_R"},{"keyframes":[{"skew":[0.4268,0.4268],"duration":3,"index":0,"loc":[12.325,-27.95],"ref":"calf_R"},{"skew":[-0.5716,-0.4086],"scale":[1.1147,0.7793],"duration":4,"index":3,"loc":[-15.65,-12.2],"ref":"calf_R"},{"skew":[-0.6281,-0.7289],"scale":[0.8565,0.8687],"duration":5,"loc":[-7.675,-21.6],"ref":"calf_R","ease":-1,"index":7},{"skew":[0.0782,0.0782],"scale":[0.8752,0.89],"duration":5,"loc":[-83.525,-63.75],"ref":"calf_R","ease":1,"index":12},{"skew":[0.4154,0.5167],"scale":[0.9278,0.9159],"duration":7,"index":17,"loc":[-68.25,-32.35],"ref":"calf_R"},{"skew":[-1.0542,-0.5614],"scale":[1.0335,1],"duration":8,"loc":[-11.925,-6.8],"ref":"calf_R","ease":1,"index":24},{"skew":[0.4268,0.4268],"duration":1,"index":32,"loc":[12.325,-27.95],"ref":"calf_R"}],"name":"Calf_R"},{"keyframes":[{"skew":[0.9986,0.9986],"duration":3,"index":0,"loc":[54.075,-53.775],"ref":"Thigh_R"},{"skew":[1.7455,1.8713],"scale":[0.7349,0.9001],"duration":4,"index":3,"loc":[29.95,-10.275],"ref":"Thigh_R"},{"skew":[-0.0144,-0.2041],"scale":[0.9683,0.8141],"duration":5,"loc":[-10.675,-65.675],"ref":"Thigh_R","ease":-1,"index":7},{"skew":[1.2897,1.2897],"scale":[0.8474,0.9032],"duration":5,"loc":[-42.875,-76.45],"ref":"Thigh_R","ease":1,"index":12},{"skew":[0.785,0.785],"scale":[0.8844,0.9263],"duration":7,"index":17,"loc":[-37,-64.175],"ref":"Thigh_R"},{"skew":[1.3829,0.9477],"scale":[0.9718,0.9166],"duration":8,"loc":[35.3,-18.425],"ref":"Thigh_R","ease":1,"index":24},{"skew":[0.9986,0.9986],"duration":1,"index":32,"loc":[54.075,-53.775],"ref":"Thigh_R"}],"name":"Thigh_R"}]},{"id":"defeat","layers":[{"keyframes":[{"duration":5,"index":0,"loc":[1.8,-5.2],"ref":"shadow"},{"ease":1,"duration":7,"index":5,"loc":[1.8,-5.2],"ref":"shadow"},{"scale":[1.7701,0.4151],"duration":8,"index":12,"loc":[1.8,-0.7],"ref":"shadow"},{"scale":[2.7283,0.3858],"duration":5,"index":20,"loc":[-8.7,3.475],"ref":"shadow"},{"scale":[0.2628,0.0616],"duration":1,"index":25,"loc":[1.8,7.8],"ref":"shadow"}],"name":"Shadow"},{"keyframes":[{"skew":[-1.5183,-1.5183],"duration":2,"index":0,"loc":[-10.175,-3.775],"ref":"foot_L"},{"skew":[-1.5183,-1.5183],"ease":-1,"duration":3,"index":2,"loc":[-10.175,-3.775],"ref":"foot_L"},{"skew":[-1.5183,-1.5183],"ease":1,"duration":4,"index":5,"loc":[-10.175,-3.775],"ref":"foot_L"},{"skew":[-1.4755,-1.4755],"scale":[1.0172,2.0213],"duration":3,"index":9,"loc":[-63.15,-1.5],"ref":"foot_L"},{"skew":[-1.5215,-1.3877],"scale":[0.7288,2.7639],"duration":4,"index":12,"loc":[-122.05,1.25],"ref":"foot_L"},{"skew":[-1.534,-1.3276],"scale":[0.6833,3.4245],"duration":4,"index":16,"loc":[-141.175,2.175],"ref":"foot_L"},{"skew":[-1.534,-1.3276],"scale":[0.6833,3.4245],"duration":5,"loc":[-146.175,2.175],"ref":"foot_L","ease":1,"index":20},{"skew":[-1.5501,-2.3403],"scale":[0.0449,0.7439],"duration":1,"index":25,"loc":[-12.275,8.275],"ref":"foot_L"}],"name":"Foot_L"},{"keyframes":[{"skew":[-0.2097,-0.2097],"duration":2,"index":0,"loc":[-18.425,-30.75],"ref":"calf_L"},{"skew":[-0.1053,-0.1053],"ease":-1,"duration":3,"index":2,"loc":[-16.825,-31.125],"ref":"calf_L"},{"skew":[0.1383,0.1383],"scale":[1,1.0985],"duration":4,"loc":[-8.35,-33.8],"ref":"calf_L","ease":1,"index":5},{"skew":[0.9197,0.1075],"scale":[1.678,0.7955],"duration":3,"index":9,"loc":[-50.15,-13.075],"ref":"calf_L"},{"skew":[1.4034,0.1401],"scale":[2.1449,1.373],"duration":4,"index":12,"loc":[-96.325,-4.95],"ref":"calf_L"},{"skew":[1.1467,-0.0126],"scale":[3.5661,0.7172],"duration":4,"index":16,"loc":[-118.5,-3.55],"ref":"calf_L"},{"skew":[1.2554,0.55],"scale":[1.6831,0.7621],"duration":5,"index":20,"loc":[-151.75,-10.35],"ref":"calf_L"},{"skew":[1.4515,0.0384],"scale":[0.4394,0.061],"duration":1,"index":25,"loc":[-9.3,8.075],"ref":"calf_L"}],"name":"Calf_L"},{"keyframes":[{"skew":[1.138,1.138],"duration":2,"index":0,"loc":[14.55,-50.7],"ref":"Thigh_L"},{"skew":[1.138,1.138],"ease":-1,"duration":3,"index":2,"loc":[14.55,-50.7],"ref":"Thigh_L"},{"skew":[-0.3277,-0.3277],"ease":1,"duration":4,"index":5,"loc":[-25.125,-74.275],"ref":"Thigh_L"},{"skew":[0.7087,0.7087],"scale":[1.4108,0.8849],"duration":3,"index":9,"loc":[-30.075,-44.175],"ref":"Thigh_L"},{"skew":[1.779,2.5107],"scale":[0.9075,1.1351],"duration":4,"index":12,"loc":[-65.275,-0.275],"ref":"Thigh_L"},{"skew":[1.779,2.5107],"scale":[0.9075,1.1351],"duration":4,"index":16,"loc":[-85.85,0],"ref":"Thigh_L"},{"skew":[2.4275,2.6118],"scale":[1.1756,0.8504],"duration":5,"index":20,"loc":[-121.3,-0.975],"ref":"Thigh_L"},{"skew":[1.621,2.5571],"scale":[0.039,0.2197],"duration":1,"index":25,"loc":[1.025,8.225],"ref":"Thigh_L"}],"name":"Thigh_L"},{"keyframes":[{"duration":2,"index":0,"loc":[0.55,-34.725],"ref":"Body"},{"skew":[0.0201,0.0228],"scale":[0.9649,1.1491],"duration":3,"loc":[-0.9,-36.15],"ref":"Body","ease":-1,"index":2},{"skew":[0.0268,0.0171],"scale":[1.2231,0.8478],"duration":4,"loc":[-2.075,-74.125],"ref":"Body","ease":1,"index":5},{"skew":[0.0214,0.0214],"scale":[0.8796,1.3871],"duration":3,"index":9,"loc":[-7,-21.225],"ref":"Body"},{"skew":[0.0314,0.0154],"scale":[1.0642,0.6733],"duration":8,"index":12,"loc":[-1.45,-7.05],"ref":"Body"},{"skew":[0.2649,0.0183],"scale":[1.8368,0.137],"duration":5,"loc":[22.95,3.725],"ref":"Body","ease":1,"index":20},{"skew":[0.7413,-0.0012],"scale":[0.4459,0.0149],"duration":1,"index":25,"loc":[1.675,8.475],"ref":"Body"}],"name":"Body"},{"keyframes":[{"skew":[0.0045,0.0045],"duration":2,"index":0,"loc":[-56.7,-85],"ref":"flap_L"},{"skew":[0.0239,0.0282],"scale":[0.9649,1.1491],"duration":3,"loc":[-54.95,-95.175],"ref":"flap_L","ease":-1,"index":2},{"skew":[0.8158,0.8856],"scale":[0.9154,1.0583],"duration":4,"loc":[-70.825,-129.85],"ref":"flap_L","ease":1,"index":5},{"skew":[0.1724,0.4615],"scale":[0.9786,1.0999],"duration":3,"index":9,"loc":[-58.95,-91.625],"ref":"flap_L"},{"skew":[0.991,0.9905],"scale":[0.882,1.0638],"duration":8,"index":12,"loc":[-81.875,-28.425],"ref":"flap_L"},{"skew":[1.5676,1.6582],"scale":[0.7053,1.0441],"duration":5,"loc":[-124.725,-3.575],"ref":"flap_L","ease":1,"index":20},{"skew":[1.4714,2.3154],"scale":[0.0771,0.2867],"duration":1,"index":25,"loc":[-21.225,7.375],"ref":"flap_L"}],"name":"Flap_L"},{"keyframes":[{"duration":2,"index":0,"loc":[-17.95,-49.75],"ref":"Gut"},{"skew":[0.0201,0.0228],"scale":[0.9649,1.1491],"duration":3,"loc":[-18.4,-53.8],"ref":"Gut","ease":-1,"index":2},{"skew":[0.0268,0.0171],"scale":[1.4851,0.8661],"duration":4,"loc":[-25.2,-95.55],"ref":"Gut","ease":1,"index":5},{"skew":[0.0214,0.0214],"scale":[1.1305,1.3203],"duration":3,"index":9,"loc":[-23.325,-38.85],"ref":"Gut"},{"skew":[0.4906,-0.0192],"scale":[2.0695,0.7214],"duration":8,"index":12,"loc":[-17.65,-13.05],"ref":"Gut"},{"skew":[1.2573,0.0091],"scale":[2.1886,0.8627],"duration":5,"loc":[-43.725,-0.425],"ref":"Gut","ease":1,"index":20},{"skew":[1.4868,-0.0033],"scale":[0.5658,0.2092],"duration":1,"index":25,"loc":[-10.8,8.2],"ref":"Gut"}],"name":"Gut"},{"keyframes":[{"skew":[-1.5708,-1.5708],"duration":2,"index":0,"loc":[2,-70.25],"ref":"flap_R"},{"skew":[-1.548,-1.5507],"scale":[1.1491,0.9649],"duration":3,"loc":[1.3,-76.925],"ref":"flap_R","ease":-1,"index":2},{"skew":[-1.3755,-0.7968],"scale":[0.9117,1.0303],"duration":4,"loc":[-8.275,-124.575],"ref":"flap_R","ease":1,"index":5},{"skew":[-1.5409,-1.6126],"scale":[1.4689,0.7826],"duration":3,"index":9,"loc":[-12.675,-77.8],"ref":"flap_R"},{"skew":[-1.8281,-1.6005],"scale":[1.46,1.3712],"duration":8,"index":12,"loc":[-13.725,-26.65],"ref":"flap_R"},{"skew":[-1.6045,-1.2179],"scale":[0.4959,3.1269],"duration":5,"loc":[18.55,0.25],"ref":"flap_R","ease":1,"index":20},{"skew":[-1.575,-0.6118],"scale":[0.0676,0.3882],"duration":1,"index":25,"loc":[9.55,7.775],"ref":"flap_R"}],"name":"Flap_R"},{"keyframes":[{"skew":[-1.5708,-1.5708],"duration":2,"index":0,"loc":[9.325,-0.875],"ref":"foot_R"},{"skew":[-1.5708,-1.5708],"ease":-1,"duration":3,"index":2,"loc":[9.325,-0.875],"ref":"foot_R"},{"skew":[-1.5708,-1.5708],"ease":1,"duration":4,"index":5,"loc":[9.325,-0.875],"ref":"foot_R"},{"skew":[-1.6054,-1.6054],"scale":[1,1.6275],"duration":3,"index":9,"loc":[58.25,-3.125],"ref":"foot_R"},{"skew":[-1.5817,-1.8204],"scale":[0.872,2.2852],"duration":4,"index":12,"loc":[99.425,0.675],"ref":"foot_R"},{"skew":[-1.5734,-0.9678],"scale":[0.8451,2.8328],"duration":4,"index":16,"loc":[148.45,-1.3],"ref":"foot_R"},{"skew":[-1.6596,-1.054],"scale":[0.8451,2.8328],"duration":5,"loc":[141.225,-1.625],"ref":"foot_R","ease":1,"index":20},{"skew":[-1.5719,-0.5388],"scale":[0.0745,0.5055],"duration":1,"index":25,"loc":[12.125,8],"ref":"foot_R"}],"name":"Foot_R"},{"keyframes":[{"skew":[0.4268,0.4268],"duration":2,"index":0,"loc":[12.325,-27.95],"ref":"calf_R"},{"skew":[0.6973,0.385],"scale":[1.0508,1],"duration":3,"loc":[18.85,-23.925],"ref":"calf_R","ease":-1,"index":2},{"skew":[-0.0906,-0.0906],"scale":[0.9645,1.0984],"duration":4,"loc":[-4.8,-29.55],"ref":"calf_R","ease":1,"index":5},{"skew":[-0.7334,-0.2347],"scale":[1.6011,0.6723],"duration":3,"index":9,"loc":[20.825,-9.7],"ref":"calf_R"},{"skew":[-1.0753,-0.1782],"scale":[2.1821,0.8261],"duration":4,"index":12,"loc":[48.5,-4.125],"ref":"calf_R"},{"skew":[-1.0452,-0.19],"scale":[2.1917,0.6722],"duration":4,"index":16,"loc":[91.675,-4.45],"ref":"calf_R"},{"skew":[-1.0461,-0.6357],"scale":[1.6836,0.8068],"duration":5,"index":20,"loc":[109.55,-5.5],"ref":"calf_R"},{"skew":[-1.2707,-0.0201],"scale":[0.5092,0.0416],"duration":1,"index":25,"loc":[1.7,7.975],"ref":"calf_R"}],"name":"Calf_R"},{"keyframes":[{"skew":[0.9986,0.9986],"duration":2,"index":0,"loc":[54.075,-53.775],"ref":"Thigh_R"},{"skew":[0.5551,0.5551],"ease":-1,"duration":3,"index":2,"loc":[43.775,-59.95],"ref":"Thigh_R"},{"skew":[0.6246,0.6246],"ease":1,"duration":4,"index":5,"loc":[23.4,-72.975],"ref":"Thigh_R"},{"skew":[0.0501,0.0501],"scale":[1.4097,0.9097],"duration":3,"index":9,"loc":[22.75,-52.975],"ref":"Thigh_R"},{"skew":[-0.9713,-0.1649],"scale":[1.9036,0.7461],"duration":4,"index":12,"loc":[28.35,-21.15],"ref":"Thigh_R"},{"skew":[-1.2579,-0.1778],"scale":[1.8686,0.8489],"duration":4,"index":16,"loc":[64.35,-12.775],"ref":"Thigh_R"},{"skew":[-2.1773,-1.4204],"scale":[1.0261,0.8383],"duration":5,"index":20,"loc":[94.6,-1.25],"ref":"Thigh_R"},{"skew":[-1.5526,-0.1066],"scale":[0.2896,0.1833],"duration":1,"index":25,"loc":[-1.675,7.925],"ref":"Thigh_R"}],"name":"Thigh_R"}]},{"id":"idle","layers":[{"keyframes":[{"duration":29,"index":0,"loc":[1.8,-5.2],"ref":"shadow"},{"duration":1,"index":29,"loc":[1.8,-5.2],"ref":"shadow"}],"name":"Shadow"},{"keyframes":[{"skew":[-1.5183,-1.5183],"duration":12,"index":0,"loc":[-10.175,-3.775],"ref":"foot_L"},{"skew":[-1.5183,-1.5183],"ease":1,"duration":17,"index":12,"loc":[-10.175,-3.775],"ref":"foot_L"},{"skew":[-1.5183,-1.5183],"duration":1,"index":29,"loc":[-10.175,-3.775],"ref":"foot_L"}],"name":"Foot_L"},{"keyframes":[{"skew":[-0.2097,-0.2097],"duration":12,"index":0,"loc":[-18.425,-30.75],"ref":"calf_L"},{"skew":[-0.3005,-0.3005],"ease":1,"duration":17,"index":12,"loc":[-20.925,-28.25],"ref":"calf_L"},{"skew":[-0.2097,-0.2097],"duration":1,"index":29,"loc":[-18.425,-30.75],"ref":"calf_L"}],"name":"Calf_L"},{"keyframes":[{"skew":[1.138,1.138],"duration":12,"index":0,"loc":[14.55,-50.7],"ref":"Thigh_L"},{"skew":[1.3299,1.3299],"ease":1,"duration":17,"index":12,"loc":[14.55,-44.7],"ref":"Thigh_L"},{"skew":[1.138,1.138],"duration":1,"index":29,"loc":[14.55,-50.7],"ref":"Thigh_L"}],"name":"Thigh_L"},{"keyframes":[{"duration":12,"index":0,"loc":[0.55,-34.725],"ref":"Body"},{"ease":1,"scale":[1.069,0.9492],"duration":17,"index":12,"loc":[2.85,-30.3],"ref":"Body"},{"duration":1,"index":29,"loc":[0.55,-34.725],"ref":"Body"}],"name":"Body"},{"keyframes":[{"skew":[0.0045,0.0045],"duration":12,"index":0,"loc":[-56.7,-85],"ref":"flap_L"},{"skew":[0.0051,0.004],"scale":[1.069,0.9492],"duration":17,"loc":[-58.375,-78.025],"ref":"flap_L","ease":1,"index":12},{"skew":[0.0045,0.0045],"duration":1,"index":29,"loc":[-56.7,-85],"ref":"flap_L"}],"name":"Flap_L"},{"keyframes":[{"duration":12,"index":0,"loc":[-17.95,-49.75],"ref":"Gut"},{"ease":1,"scale":[1.069,0.9492],"duration":17,"index":12,"loc":[-16.95,-44.55],"ref":"Gut"},{"duration":1,"index":29,"loc":[-17.95,-49.75],"ref":"Gut"}],"name":"Gut"},{"keyframes":[{"skew":[-1.5708,-1.5708],"duration":12,"index":0,"loc":[2,-70.25],"ref":"flap_R"},{"skew":[-1.5708,-1.5708],"scale":[0.9492,1.069],"duration":17,"loc":[4.4,-64.025],"ref":"flap_R","ease":1,"index":12},{"skew":[-1.5708,-1.5708],"duration":1,"index":29,"loc":[2,-70.25],"ref":"flap_R"}],"name":"Flap_R"},{"keyframes":[{"skew":[-1.5708,-1.5708],"duration":12,"index":0,"loc":[9.325,-0.875],"ref":"foot_R"},{"skew":[-1.5708,-1.5708],"ease":1,"duration":17,"index":12,"loc":[9.325,-0.875],"ref":"foot_R"},{"skew":[-1.5708,-1.5708],"duration":1,"index":29,"loc":[9.325,-0.875],"ref":"foot_R"}],"name":"Foot_R"},{"keyframes":[{"skew":[0.4268,0.4268],"duration":12,"index":0,"loc":[12.325,-27.95],"ref":"calf_R"},{"skew":[0.3362,0.3362],"ease":1,"duration":17,"index":12,"loc":[9.675,-28.85],"ref":"calf_R"},{"skew":[0.4268,0.4268],"duration":1,"index":29,"loc":[12.325,-27.95],"ref":"calf_R"}],"name":"Calf_R"},{"keyframes":[{"skew":[0.9986,0.9986],"duration":12,"index":0,"loc":[54.075,-53.775],"ref":"Thigh_R"},{"skew":[1.2385,1.2385],"ease":1,"duration":17,"index":12,"loc":[54.275,-42.775],"ref":"Thigh_R"},{"skew":[0.9986,0.9986],"duration":1,"index":29,"loc":[54.075,-53.775],"ref":"Thigh_R"}],"name":"Thigh_R"}]},{"id":"walk","layers":[{"keyframes":[{"duration":39,"index":0,"loc":[1.8,-5.2],"ref":"shadow"},{"duration":1,"index":39,"loc":[1.8,-5.2],"ref":"shadow"}],"name":"Shadow"},{"keyframes":[{"skew":[-2.4784,-2.4784],"duration":5,"index":0,"loc":[-3.925,-14.375],"ref":"foot_L"},{"skew":[-1.4391,-1.4789],"scale":[1.0051,1.0881],"duration":24,"index":5,"loc":[-56.675,-3.675],"ref":"foot_L"},{"skew":[-1.4391,-1.4789],"scale":[1.0051,1.0881],"duration":10,"index":29,"loc":[62.625,-3.675],"ref":"foot_L"},{"skew":[-2.4784,-2.4784],"duration":1,"index":39,"loc":[-3.925,-14.375],"ref":"foot_L"}],"name":"Foot_L"},{"keyframes":[{"skew":[-1.1698,-1.1698],"duration":5,"index":0,"loc":[-30.75,-23.05],"ref":"calf_L"},{"skew":[-0.1657,-0.0985],"scale":[1.0773,0.8847],"duration":14,"index":5,"loc":[-65.15,-25.825],"ref":"calf_L"},{"skew":[-1.2521,-0.4867],"scale":[1.0795,0.8278],"duration":10,"index":19,"loc":[-4.025,-7.275],"ref":"calf_L"},{"skew":[-1.3652,-0.6501],"scale":[0.949,1.1694],"duration":10,"index":29,"loc":[23.475,-7.45],"ref":"calf_L"},{"skew":[-1.1698,-1.1698],"duration":1,"index":39,"loc":[-30.75,-23.05],"ref":"calf_L"}],"name":"Calf_L"},{"keyframes":[{"skew":[0.8985,0.8985],"duration":5,"index":0,"loc":[-5.1,-47.225],"ref":"Thigh_L"},{"skew":[1.334,1.3513],"scale":[1.092,1.0009],"duration":14,"index":5,"loc":[-31.6,-36.925],"ref":"Thigh_L"},{"skew":[0.785,0.8023],"scale":[1.092,1.0009],"duration":5,"index":19,"loc":[13.85,-38.875],"ref":"Thigh_L"},{"skew":[0.1443,0.1618],"scale":[1.0914,1.0005],"duration":5,"index":24,"loc":[6.375,-47.725],"ref":"Thigh_L"},{"skew":[-0.2741,-0.2569],"scale":[1.092,1.0009],"duration":5,"index":29,"loc":[6.125,-44.5],"ref":"Thigh_L"},{"skew":[0.1359,0.1446],"scale":[1.0455,1],"duration":5,"index":34,"loc":[2.775,-52.525],"ref":"Thigh_L"},{"skew":[0.8985,0.8985],"duration":1,"index":39,"loc":[-5.1,-47.225],"ref":"Thigh_L"}],"name":"Thigh_L"},{"keyframes":[{"skew":[0.1653,0.0829],"scale":[0.961,1.083],"duration":9,"loc":[2.125,-38.45],"ref":"Body","ease":-1,"index":0},{"skew":[-0.066,0],"scale":[1.2415,0.8468],"duration":10,"loc":[-0.025,-18.725],"ref":"Body","ease":1,"index":9},{"skew":[-0.2348,-0.1654],"scale":[0.95,1.0648],"duration":10,"loc":[4.6,-42.575],"ref":"Body","ease":-1,"index":19},{"skew":[0.0695,0],"scale":[1.2314,0.8328],"duration":10,"index":29,"loc":[-0.025,-17.725],"ref":"Body"},{"skew":[0.1653,0.0829],"scale":[0.961,1.083],"duration":1,"loc":[2.125,-38.45],"ref":"Body","ease":-1,"index":39}],"name":"Body"},{"keyframes":[{"skew":[0.1694,0.088],"scale":[1.2347,0.8438],"duration":9,"index":0,"loc":[-43.725,-96.725],"ref":"flap_L"},{"skew":[0.3422,0.5361],"scale":[1.182,0.7146],"duration":11,"loc":[-78.9,-61.55],"ref":"flap_L","ease":1,"index":9},{"skew":[0.5392,0.8762],"scale":[1.067,0.5871],"duration":10,"loc":[-68.45,-93.975],"ref":"flap_L","ease":-1,"index":20},{"skew":[0.1053,0.2912],"scale":[0.9734,0.618],"duration":9,"index":30,"loc":[-70.125,-56.875],"ref":"flap_L"},{"skew":[0.1694,0.088],"scale":[1.2347,0.8438],"duration":1,"index":39,"loc":[-43.725,-96.725],"ref":"flap_L"}],"name":"Flap_L"},{"keyframes":[{"skew":[0.1653,0.1523],"scale":[0.9578,0.9847],"duration":10,"loc":[-18.15,-66.15],"ref":"Gut","ease":-1,"index":0},{"skew":[0,-0.1275],"scale":[1.604,1.1956],"duration":11,"loc":[-19.575,-35.325],"ref":"Gut","ease":1,"index":10},{"skew":[0.1445,0.1676],"scale":[0.905,1.0855],"duration":10,"loc":[-36.75,-64.6],"ref":"Gut","ease":-1,"index":21},{"skew":[0.0923,-0.0315],"scale":[0.9691,1.2171],"duration":8,"loc":[-34.825,-40.8],"ref":"Gut","ease":1,"index":31},{"skew":[0.1653,0.1523],"scale":[0.9578,0.9847],"duration":1,"loc":[-15,-63.7],"ref":"Gut","ease":-1,"index":39}],"name":"Gut"},{"keyframes":[{"skew":[-1.5926,-1.4055],"scale":[1.083,1.0229],"duration":9,"index":0,"loc":[12.725,-93.525],"ref":"flap_R"},{"skew":[-1.5565,-1.5139],"scale":[1.0376,1.1798],"duration":11,"loc":[-5.275,-56.675],"ref":"flap_R","ease":1,"index":9},{"skew":[-1.5556,-1.1901],"scale":[0.711,0.881],"duration":10,"loc":[-20.4,-98.6],"ref":"flap_R","ease":-1,"index":20},{"skew":[-1.4237,-1.4212],"scale":[0.8879,0.9911],"duration":9,"index":30,"loc":[-25.025,-58.925],"ref":"flap_R"},{"skew":[-1.5926,-1.4055],"scale":[1.083,1.0229],"duration":1,"index":39,"loc":[12.725,-93.525],"ref":"flap_R"}],"name":"Flap_R"},{"keyframes":[{"skew":[-1.5708,-1.5708],"duration":5,"index":0,"loc":[9.325,-0.875],"ref":"foot_R"},{"skew":[-1.5708,-1.5708],"duration":8,"index":5,"loc":[38.15,-0.875],"ref":"foot_R"},{"skew":[-1.5708,-1.5708],"duration":6,"index":13,"loc":[64.3,-0.875],"ref":"foot_R"},{"skew":[-2.7567,-2.7567],"duration":5,"index":19,"loc":[3.7,-22.375],"ref":"foot_R"},{"skew":[-1.5708,-1.5708],"duration":6,"index":24,"loc":[-37.675,-0.875],"ref":"foot_R"},{"skew":[-1.5708,-1.5708],"duration":9,"index":30,"loc":[-18.875,-0.875],"ref":"foot_R"},{"skew":[-1.5708,-1.5708],"duration":1,"index":39,"loc":[9.325,-0.875],"ref":"foot_R"}],"name":"Foot_R"},{"keyframes":[{"skew":[0.4268,0.4268],"duration":5,"index":0,"loc":[12.325,-27.95],"ref":"calf_R"},{"skew":[-0.4931,-0.3044],"scale":[1.062,1.001],"duration":4,"index":5,"loc":[13.225,-21.275],"ref":"calf_R"},{"skew":[-0.8621,-0.5167],"scale":[1.1102,0.952],"duration":4,"index":9,"loc":[19.975,-10.725],"ref":"calf_R"},{"skew":[-1.1236,-0.6257],"scale":[1.1614,1.004],"duration":6,"index":13,"loc":[26.725,-5.3],"ref":"calf_R"},{"skew":[-0.4085,-0.4085],"scale":[0.9667,1.0934],"duration":5,"index":19,"loc":[-14.775,-46.525],"ref":"calf_R"},{"skew":[0.4354,0.4354],"scale":[1.0006,0.8403],"duration":6,"index":24,"loc":[-36.575,-24.5],"ref":"calf_R"},{"skew":[0.427,0.4271],"scale":[0.9991,0.903],"duration":9,"index":30,"loc":[-16.5,-26.575],"ref":"calf_R"},{"skew":[0.4268,0.4268],"duration":1,"index":39,"loc":[12.325,-27.95],"ref":"calf_R"}],"name":"Calf_R"},{"keyframes":[{"skew":[0.9986,0.9986],"duration":5,"index":0,"loc":[54.075,-53.775],"ref":"Thigh_R"},{"skew":[1.2709,1.2709],"scale":[1.0657,0.958],"duration":8,"index":5,"loc":[54.2,-34.35],"ref":"Thigh_R"},{"skew":[0.438,0.2713],"scale":[1.0486,0.8435],"duration":6,"index":13,"loc":[42.875,-40.925],"ref":"Thigh_R"},{"skew":[1.1767,1.1767],"duration":5,"index":19,"loc":[30.45,-69.225],"ref":"Thigh_R"},{"skew":[1.5383,1.5382],"scale":[0.8463,1.0608],"duration":6,"index":24,"loc":[16.125,-26.675],"ref":"Thigh_R"},{"skew":[1.7228,1.7228],"scale":[0.9072,1.0359],"duration":9,"index":30,"loc":[31.9,-18.75],"ref":"Thigh_R"},{"skew":[0.9986,0.9986],"duration":1,"index":39,"loc":[54.075,-53.775],"ref":"Thigh_R"}],"name":"Thigh_R"}]}]}